{"PDFPath": "/home/li/project/MyRepository/CarlaSimulatorTest/noetic_ws/src/Architecture2/scripts/data/2024.06.11 10h19m25s/Data Set Check/Report.pdf", "Figures": {"Predetermined Schedule": "/home/li/project/MyRepository/CarlaSimulatorTest/noetic_ws/src/Architecture2/scripts/data/2024.06.11 10h19m25s/Data Set Check/Figures/Predetermined Schedule.png", "Car's Trajectory": "/home/li/project/MyRepository/CarlaSimulatorTest/noetic_ws/src/Architecture2/scripts/data/2024.06.11 10h19m25s/Data Set Check/Figures/Car's Trajectory.png", "Start Time Error Test": "/home/li/project/MyRepository/CarlaSimulatorTest/noetic_ws/src/Architecture2/scripts/data/2024.06.11 10h19m25s/Data Set Check/Figures/Start Time Error Test.png", "End Time Error Test": "/home/li/project/MyRepository/CarlaSimulatorTest/noetic_ws/src/Architecture2/scripts/data/2024.06.11 10h19m25s/Data Set Check/Figures/End Time Error Test.png"}, "Data": {"Predetermined Schedule": "/home/li/project/MyRepository/CarlaSimulatorTest/noetic_ws/src/Architecture2/scripts/data/2024.06.11 10h19m25s/Data Set Check/Data/Predetermined Schedule.pkl", "Car's Trajectory": "/home/li/project/MyRepository/CarlaSimulatorTest/noetic_ws/src/Architecture2/scripts/data/2024.06.11 10h19m25s/Data Set Check/Data/Car's Trajectory.pkl", "Start Time Error Test": "/home/li/project/MyRepository/CarlaSimulatorTest/noetic_ws/src/Architecture2/scripts/data/2024.06.11 10h19m25s/Data Set Check/Data/Start Time Error Test.pkl", "End Time Error Test": "/home/li/project/MyRepository/CarlaSimulatorTest/noetic_ws/src/Architecture2/scripts/data/2024.06.11 10h19m25s/Data Set Check/Data/End Time Error Test.pkl", "Error Messages": "/home/li/project/MyRepository/CarlaSimulatorTest/noetic_ws/src/Architecture2/scripts/data/2024.06.11 10h19m25s/Data Set Check/Data/Error Messages.csv"}, "Models": {}}